datetime,pollutant,concentration
2021-07-01T00:00:00+03:00,CO,0.38
2021-08-01T00:00:00+03:00,CO,0.31
2021-09-01T00:00:00+03:00,CO,0.3
2021-10-01T00:00:00+03:00,CO,0.4
2021-11-01T00:00:00+03:00,CO,0.23
2021-12-01T00:00:00+03:00,CO,0.28
2022-01-01T00:00:00+03:00,CO,0.38
2022-02-01T00:00:00+03:00,CO,0.27
2022-03-01T00:00:00+03:00,CO,0.34
2022-04-01T00:00:00+03:00,CO,0.14
2022-05-01T00:00:00+03:00,CO,0.1
2022-06-01T00:00:00+03:00,CO,0.15
2022-07-01T00:00:00+03:00,CO,0.13
2022-08-01T00:00:00+03:00,CO,0.3
2022-09-01T00:00:00+03:00,CO,0.2
2022-10-01T00:00:00+03:00,CO,0.26
2022-10-01T00:00:00+03:00,NO2,0.018
2022-10-01T00:00:00+03:00,NO,0.021
2022-11-01T00:00:00+03:00,NO2,0.022
2022-11-01T00:00:00+03:00,CO,0.21
2022-11-01T00:00:00+03:00,NO,0.012
2022-12-01T00:00:00+03:00,NO2,0.021
2022-12-01T00:00:00+03:00,CO,0.28
2022-12-01T00:00:00+03:00,NO,0.013
2023-01-01T00:00:00+03:00,CO,0.24
2023-01-01T00:00:00+03:00,NO,0.005
2023-01-01T00:00:00+03:00,NO2,0.015
2023-02-01T00:00:00+03:00,NO2,0.017
2023-02-01T00:00:00+03:00,CO,0.24
2023-02-01T00:00:00+03:00,NO,0.005
2023-03-01T00:00:00+03:00,NO2,0.017
2023-03-01T00:00:00+03:00,CO,0.25
2023-03-01T00:00:00+03:00,NO,0.01
2023-04-01T00:00:00+03:00,NO2,0.021
2023-04-01T00:00:00+03:00,CO,0.33
2023-04-01T00:00:00+03:00,NO,0.018
2023-05-01T00:00:00+03:00,NO2,0.016
2023-05-01T00:00:00+03:00,CO,0.28
2023-05-01T00:00:00+03:00,NO,0.016
2023-06-01T00:00:00+03:00,CO,0.3
2023-06-01T00:00:00+03:00,NO2,0.014
2023-06-01T00:00:00+03:00,NO,0.013
2023-07-01T00:00:00+03:00,NO,0.008
2023-07-01T00:00:00+03:00,NO2,0.016
2023-07-01T00:00:00+03:00,CO,0.23
2023-08-01T00:00:00+03:00,NO,0.028
2023-08-01T00:00:00+03:00,NO2,0.023
2023-08-01T00:00:00+03:00,CO,0.45
2023-09-01T00:00:00+03:00,NO2,0.022
2023-09-01T00:00:00+03:00,CO,0.51
2023-09-01T00:00:00+03:00,NO,0.036
2023-10-01T00:00:00+03:00,NO,0.011
2023-10-01T00:00:00+03:00,CO,0.31
2023-10-01T00:00:00+03:00,NO2,0.018
2023-11-01T00:00:00+03:00,CO,0.29
2023-11-01T00:00:00+03:00,NO,0.012
2023-11-01T00:00:00+03:00,NO2,0.021
2023-12-01T00:00:00+03:00,NO,0.012
2023-12-01T00:00:00+03:00,NO2,0.021
2023-12-01T00:00:00+03:00,CO,0.32
2024-01-01T00:00:00+03:00,NO,0.025
2024-01-01T00:00:00+03:00,NO2,0.029
2024-01-01T00:00:00+03:00,CO,0.34
2024-02-01T00:00:00+03:00,NO,0.014
2024-02-01T00:00:00+03:00,NO2,0.023
2024-02-01T00:00:00+03:00,CO,0.19
2024-03-01T00:00:00+03:00,NO,0.028
2024-03-01T00:00:00+03:00,CO,0.27
2024-03-01T00:00:00+03:00,NO2,0.032
2024-04-01T00:00:00+03:00,CO,0.19
2024-04-01T00:00:00+03:00,NO2,0.021
2024-04-01T00:00:00+03:00,NO,0.019
2024-05-01T00:00:00+03:00,NO,0.023
2024-05-01T00:00:00+03:00,NO2,0.03
2024-05-01T00:00:00+03:00,CO,0.19
2024-06-01T00:00:00+03:00,CO,0.13
2024-06-01T00:00:00+03:00,NO,0.016
2024-06-01T00:00:00+03:00,NO2,0.024
2024-07-01T00:00:00+03:00,NO2,0.024
2024-07-01T00:00:00+03:00,NO,0.013
2024-07-01T00:00:00+03:00,CO,0.16
2024-08-01T00:00:00+03:00,NO2,0.026
2024-08-01T00:00:00+03:00,NO,0.033
2024-08-01T00:00:00+03:00,CO,0.26
2024-09-01T00:00:00+03:00,NO2,0.033
2024-09-01T00:00:00+03:00,NO,0.047
2024-09-01T00:00:00+03:00,CO,0.41
2024-10-01T00:00:00+03:00,NO2,0.027
2024-10-01T00:00:00+03:00,CO,0.3
2024-10-01T00:00:00+03:00,NO,0.029
2024-11-01T00:00:00+03:00,NO2,0.021
2024-11-01T00:00:00+03:00,CO,0.17
2024-11-01T00:00:00+03:00,NO,0.008
2024-12-01T00:00:00+03:00,NO,0.01
2024-12-01T00:00:00+03:00,NO2,0.022
2024-12-01T00:00:00+03:00,CO,0.18
2025-01-01T00:00:00+03:00,NO2,0.019
2025-01-01T00:00:00+03:00,NO,0.007
2025-01-01T00:00:00+03:00,CO,0.19
2025-02-01T00:00:00+03:00,NO2,0.045
2025-02-01T00:00:00+03:00,NO,0.041
2025-02-01T00:00:00+03:00,CO,0.35
2025-03-01T00:00:00+03:00,NO,0.031
2025-03-01T00:00:00+03:00,NO2,0.029
2025-03-01T00:00:00+03:00,CO,0.31
2025-04-01T00:00:00+03:00,CO,0.21
2025-04-01T00:00:00+03:00,NO,0.014
2025-04-01T00:00:00+03:00,NO2,0.027
2025-05-01T00:00:00+03:00,NO2,0.024
2025-05-01T00:00:00+03:00,NO,0.014
2025-05-01T00:00:00+03:00,CO,0.2
2025-06-01T00:00:00+03:00,CO,0.15
2025-06-01T00:00:00+03:00,NO,0.013
2025-06-01T00:00:00+03:00,NO2,0.019
2025-07-01T00:00:00+03:00,NO2,0.009
2025-07-01T00:00:00+03:00,NO,0.004
2025-07-01T00:00:00+03:00,CO,0.17
2025-08-01T00:00:00+03:00,NO,0.013
2025-08-01T00:00:00+03:00,NO2,0.018
2025-08-01T00:00:00+03:00,CO,0.17
2025-09-01T00:00:00+03:00,NO2,0.024
2025-09-01T00:00:00+03:00,CO,0.22
2025-09-01T00:00:00+03:00,NO,0.037
